date,value
1880-01-01,2.268944043
1880-02-01,4.97319962
1880-03-01,0.560585944
1880-04-01,0.295741226
1880-05-01,1.694262532
1880-06-01,4.339107578
1880-07-01,3.285289226
1880-08-01,3.344192773
1880-09-01,1.098616728
1880-10-01,1.214146362
1880-11-01,1.010143841
1880-12-01,0.073216743
1881-01-01,0.750169755
1881-02-01,0.750169755
1881-03-01,0.516859334
1881-04-01,1.755434714
1881-05-01,0.1255614
1881-06-01,4.750845254
1881-07-01,0.378475588
1881-08-01,0.804127027
1881-09-01,4.534894539
1881-10-01,3.298020255
1881-11-01,1.782890818
1881-12-01,1.741641213
1882-01-01,3.183814544
1882-02-01,3.487500554
1882-03-01,2.467899163
1882-04-01,2.895728019
1882-05-01,0.53769092
1882-06-01,0.195521869
1882-07-01,1.643216067
1882-08-01,3.492305143
1882-09-01,3.862900376
1882-10-01,4.281441232
1882-11-01,0.997034972
1882-12-01,3.164053369
1883-01-01,3.520196847
1883-02-01,1.396707095
1883-03-01,3.332206709
1883-04-01,2.932170735
1883-05-01,1.04854169
1883-06-01,1.232698793
1883-07-01,0.732879619
1883-08-01,2.044192116
1883-09-01,3.924627535
1883-10-01,0.41337158
1883-11-01,4.28440372
1883-12-01,2.024304021
1884-01-01,1.124956536
1884-02-01,4.791382163
1884-03-01,3.111578429
1884-04-01,0.665093118
1884-05-01,4.507284684
1884-06-01,4.80752235
1884-07-01,3.711429753
1884-08-01,2.589325712
1884-09-01,1.30429455
1884-10-01,2.922076285
1884-11-01,0.96161562
1884-12-01,0.150925184
1885-01-01,2.269497457
1885-02-01,3.471443088
1885-03-01,0.451893771
1885-04-01,4.501000356
1885-05-01,4.349506464
1885-06-01,3.129744212
1885-07-01,4.286393809
1885-08-01,1.651841674
1885-09-01,1.669104929
1885-10-01,4.046447807
1885-11-01,2.011594735
1885-12-01,3.523406565
1886-01-01,2.885730105
1886-02-01,2.600277991
1886-03-01,1.26761085
1886-04-01,1.51205101
1886-05-01,1.879741621
1886-06-01,2.539419735
1886-07-01,0.015042644
1886-08-01,1.837001328
1886-09-01,0.883845532
1886-10-01,4.796766397
1886-11-01,3.3788148
1886-12-01,1.272957363
1887-01-01,0.380128714
1887-02-01,2.18340419
1887-03-01,1.328947148
1887-04-01,4.632802024
1887-05-01,3.657548764
1887-06-01,2.123074083
1887-07-01,4.463088059
1887-08-01,3.63043604
1887-09-01,2.856535572
1887-10-01,0.17032053
1887-11-01,1.978247042
1887-12-01,0.861369852
1888-01-01,3.34946769
1888-02-01,2.300210763
1888-03-01,0.469406233
1888-04-01,2.617896665
1888-05-01,4.860754768
1888-06-01,4.484460514
1888-07-01,1.282391013
1888-08-01,0.91400518
1888-09-01,3.702983901
1888-10-01,0.701098116
1888-11-01,4.076681264
1888-12-01,2.769926936
1889-01-01,1.352305473
1889-02-01,4.058235823
1889-03-01,2.932903085
1889-04-01,0.375413852
1889-05-01,2.051114676
1889-06-01,3.469530861
1889-07-01,3.266077472
1889-08-01,1.907439218
1889-09-01,2.448100015
1889-10-01,0.008734726
1889-11-01,4.356299847
1889-12-01,0.437820004
1890-01-01,2.754638169
1890-02-01,2.155477049
1890-03-01,1.58685395
1890-04-01,3.694509875
1890-05-01,1.903658507
1890-06-01,4.694079486
1890-07-01,1.241053299
1890-08-01,1.643092563
1890-09-01,0.921956463
1890-10-01,1.673785962
1890-11-01,3.946478788
1890-12-01,1.980230881
1891-01-01,2.571194964
1891-02-01,2.570594879
1891-03-01,0.679338726
1891-04-01,4.108642495
1891-05-01,3.494385168
1891-06-01,3.494764084
1891-07-01,1.962221158
1891-08-01,3.526942813
1891-09-01,3.799159018
1891-10-01,4.776562768
1891-11-01,4.393373517
1891-12-01,2.897579299
1892-01-01,1.672079955
1892-02-01,3.854116046
1892-03-01,4.146390412
1892-04-01,0.572698906
1892-05-01,2.425206788
1892-06-01,0.504622524
1892-07-01,4.010542427
1892-08-01,1.054666149
1892-09-01,4.425396755
1892-10-01,0.761823006
1892-11-01,2.167551633
1892-12-01,1.144226438
1893-01-01,4.321612716
1893-02-01,2.942281451
1893-03-01,2.448648529
1893-04-01,0.860927191
1893-05-01,3.18035806
1893-06-01,0.408881889
1893-07-01,4.718013082
1893-08-01,2.432761868
1893-09-01,0.742771142
1893-10-01,4.743044593
1893-11-01,2.878534099
1893-12-01,0.516545648
1894-01-01,1.162557099
1894-02-01,0.062582356
1894-03-01,4.404867247
1894-04-01,2.050841789
1894-05-01,4.755174573
1894-06-01,1.334125445
1894-07-01,0.228004847
1894-08-01,0.795993626
1894-09-01,1.597924997
1894-10-01,2.426101426
1894-11-01,3.374457528
1894-12-01,2.769718328
1895-01-01,0.78367971
1895-02-01,4.582818722
1895-03-01,1.817492657
1895-04-01,1.89556065
1895-05-01,4.726087937
1895-06-01,1.223171174
1895-07-01,1.507308649
1895-08-01,2.279618423
1895-09-01,4.527780016
1895-10-01,2.474079242
1895-11-01,1.712039399
1895-12-01,3.312490756
1896-01-01,4.975502773
1896-02-01,2.676446492
1896-03-01,4.708982786
1896-04-01,3.125787947
1896-05-01,3.496957261
1896-06-01,2.653685719
1896-07-01,3.270065733
1896-08-01,3.53306298
1896-09-01,3.780518714
1896-10-01,3.887115676
1896-11-01,4.093584141
1896-12-01,1.252440154
1897-01-01,1.090076078
1897-02-01,1.241053299
1897-03-01,1.153852519
1897-04-01,0.976324234
1897-05-01,2.416888049
1897-06-01,1.615805356
1897-07-01,4.773500649
1897-08-01,4.613022545
1897-09-01,1.388263268
1897-10-01,4.070004109
1897-11-01,3.728904222
1897-12-01,4.095956459
1898-01-01,4.954986418
1898-02-01,3.742156344
1898-03-01,0.756454753
1898-04-01,3.664654509
1898-05-01,0.195521869
1898-06-01,1.254373895
1898-07-01,2.170070818
1898-08-01,4.483870574
1898-09-01,4.21138461
1898-10-01,1.818286046
1898-11-01,1.961631709
1898-12-01,3.593115469
1899-01-01,2.517371036
1899-02-01,4.575533417
1899-03-01,3.064013729
1899-04-01,0.270484258
1899-05-01,1.15582387
1899-06-01,1.6055177
1899-07-01,3.301076247
1899-08-01,0.458655303
1899-09-01,4.090047612
1899-10-01,1.329533419
1899-11-01,3.364825751
1899-12-01,1.635911313
1/1/1900,4.755484675
2/1/1900,2.858594141
3/1/1900,2.064938155
4/1/1900,3.9195228
5/1/1900,0.344747731
6/1/1900,1.658294462
7/1/1900,0.091609149
8/1/1900,1.220911729
9/1/1900,3.014055596
10/1/1900,3.004422584
11/1/1900,3.239255476
12/1/1900,0.441963226
1/1/1901,0.277402069
2/1/1901,4.481516785
3/1/1901,1.024725353
4/1/1901,3.665653372
5/1/1901,0.746507115
6/1/1901,4.972702201
7/1/1901,3.97962924
8/1/1901,2.680481654
9/1/1901,2.380975727
10/1/1901,2.238182661
11/1/1901,4.989030664
12/1/1901,1.318104263
1/1/1902,0.423064735
2/1/1902,1.931061226
3/1/1902,1.881742182
4/1/1902,2.252669058
5/1/1902,0.41337158
6/1/1902,1.643092563
7/1/1902,0.321248101
8/1/1902,0.047120839
9/1/1902,2.22703801
10/1/1902,3.12738097
11/1/1902,4.195146663
12/1/1902,4.41649583
1/1/1903,4.253632302
2/1/1903,3.350057598
3/1/1903,0.74283656
4/1/1903,1.471057758
5/1/1903,4.185606944
6/1/1903,0.575601321
7/1/1903,4.016555244
8/1/1903,3.356486369
9/1/1903,1.063100686
10/1/1903,4.247244169
11/1/1903,1.63314157
12/1/1903,4.797897026
1/1/1904,2.527128837
2/1/1904,4.254545421
3/1/1904,1.318338872
4/1/1904,0.170291365
5/1/1904,0.847871262
6/1/1904,0.303618169
7/1/1904,2.587500294
8/1/1904,3.136090529
9/1/1904,0.54744205
10/1/1904,4.185634266
11/1/1904,2.446287043
12/1/1904,4.162347461
1/1/1905,3.345424463
2/1/1905,4.37912269
3/1/1905,0.665705273
4/1/1905,3.385308112
5/1/1905,3.63517625
6/1/1905,0.418754982
7/1/1905,1.610246006
8/1/1905,3.988203085
9/1/1905,0.409098005
10/1/1905,4.702642053
11/1/1905,0.77629924
12/1/1905,0.64791436
1/1/1906,1.561394445
2/1/1906,4.352662469
3/1/1906,2.276743492
4/1/1906,4.659570061
5/1/1906,3.796533994
6/1/1906,2.082670331
7/1/1906,2.533279203
8/1/1906,1.040140377
9/1/1906,1.614697302
10/1/1906,1.272641479
11/1/1906,0.024371559
12/1/1906,1.632949881
1/1/1907,2.727394767
2/1/1907,4.330117276
3/1/1907,0.770290952
4/1/1907,2.347036104
5/1/1907,1.137481697
6/1/1907,2.428510481
7/1/1907,0.282220843
8/1/1907,3.751837012
9/1/1907,0.15610991
10/1/1907,2.716394322
11/1/1907,2.754914652
12/1/1907,2.001874328
1/1/1908,3.919484002
2/1/1908,2.485642817
3/1/1908,3.937178949
4/1/1908,0.493716837
5/1/1908,3.860733989
6/1/1908,4.848673017
7/1/1908,4.176757486
8/1/1908,0.833406046
9/1/1908,4.108959667
10/1/1908,3.703203859
11/1/1908,2.25968315
12/1/1908,0.868189177
1/1/1909,3.020192348
2/1/1909,1.802229746
3/1/1909,3.858248357
4/1/1909,0.64656854
5/1/1909,3.483633225
6/1/1909,2.260259413
7/1/1909,4.350293723
8/1/1909,1.218468865
9/1/1909,4.004740137
10/1/1909,4.406808811
11/1/1909,3.764843395
12/1/1909,2.502308091
1/1/1910,0.5716719
2/1/1910,2.086507006
3/1/1910,0.801340725
4/1/1910,1.211646437
5/1/1910,3.471443088
6/1/1910,0.154176937
7/1/1910,4.723716106
8/1/1910,4.09879072
9/1/1910,1.244871037
10/1/1910,0.523177121
11/1/1910,1.457633616
12/1/1910,3.233166637
1/1/1911,0.131616872
2/1/1911,3.105012383
3/1/1911,3.91238031
4/1/1911,1.513176978
5/1/1911,1.864533465
6/1/1911,4.994460352
7/1/1911,3.621377216
8/1/1911,3.249378486
9/1/1911,2.396233347
10/1/1911,4.248314209
11/1/1911,4.19912271
12/1/1911,0.916577176
1/1/1912,2.232163246
2/1/1912,0.122169234
3/1/1912,4.580575853
4/1/1912,1.680224034
5/1/1912,4.100777296
6/1/1912,0.44616914
7/1/1912,0.090338477
8/1/1912,1.281382352
9/1/1912,3.437643791
10/1/1912,0.258228281
11/1/1912,4.999002249
12/1/1912,2.427403756
1/1/1913,3.600787989
2/1/1913,1.565929655
3/1/1913,4.993329612
4/1/1913,0.759486709
5/1/1913,1.277889133
6/1/1913,4.381344278
7/1/1913,3.955269284
8/1/1913,0.057721666
9/1/1913,3.176280559
10/1/1913,3.714761342
11/1/1913,3.952056962
12/1/1913,4.826200128
1/1/1914,3.530975195
2/1/1914,4.495894048
3/1/1914,1.589320538
4/1/1914,3.282679592
5/1/1914,1.968984976
6/1/1914,4.59033913
7/1/1914,0.769216873
8/1/1914,2.385160049
9/1/1914,2.350796449
10/1/1914,0.919485737
11/1/1914,2.973076959
12/1/1914,4.809317292
1/1/1915,2.118050099
2/1/1915,3.083836297
3/1/1915,2.533916923
4/1/1915,4.967252044
5/1/1915,0.894797525
6/1/1915,2.648075216
7/1/1915,0.462452026
8/1/1915,4.468008163
9/1/1915,3.647320338
10/1/1915,2.167030691
11/1/1915,2.00803619
12/1/1915,2.992835233
1/1/1916,1.429046833
2/1/1916,0.518239601
3/1/1916,3.933439203
4/1/1916,4.482545032
5/1/1916,3.78559304
6/1/1916,2.402979364
7/1/1916,0.049194774
8/1/1916,4.951634349
9/1/1916,0.966466758
10/1/1916,3.451764944
11/1/1916,3.281896322
12/1/1916,3.605445762
1/1/1917,4.766374339
2/1/1917,1.935686473
3/1/1917,3.101189029
4/1/1917,1.493277682
5/1/1917,4.64902771
6/1/1917,0.130151746
7/1/1917,4.441151011
8/1/1917,1.845115892
9/1/1917,2.349461357
10/1/1917,4.542044775
11/1/1917,3.224181822
12/1/1917,1.497174968
1/1/1918,0.875597748
2/1/1918,0.001331524
3/1/1918,0.096712083
4/1/1918,4.558493846
5/1/1918,0.65504752
6/1/1918,2.107358545
7/1/1918,2.7879643
8/1/1918,3.41359752
9/1/1918,2.210380776
10/1/1918,3.504782392
11/1/1918,3.647439312
12/1/1918,2.85972201
1/1/1919,3.631917769
2/1/1919,0.253193646
3/1/1919,4.538535086
4/1/1919,2.233698885
5/1/1919,1.833640184
6/1/1919,2.692113078
7/1/1919,4.857564347
8/1/1919,0.592209875
9/1/1919,2.685736612
10/1/1919,0.877856482
11/1/1919,3.89993365
12/1/1919,0.732548182
1/1/1920,0.623639183
2/1/1920,2.38256237
3/1/1920,4.859879134
4/1/1920,3.715211846
5/1/1920,0.154779561
6/1/1920,0.744425759
7/1/1920,1.812967039
8/1/1920,4.744148742
9/1/1920,3.263346107
10/1/1920,3.704757593
11/1/1920,3.325620001
12/1/1920,3.165840147
1/1/1921,2.08934018
2/1/1921,3.450214144
3/1/1921,4.693502673
4/1/1921,3.235936627
5/1/1921,1.661026752
6/1/1921,3.416925881
7/1/1921,4.635136604
8/1/1921,1.052239307
9/1/1921,3.11411266
10/1/1921,1.441031919
11/1/1921,1.009016431
12/1/1921,0.321204299
1/1/1922,0.960645194
2/1/1922,1.184368718
3/1/1922,4.281197145
4/1/1922,1.15917856
5/1/1922,0.481712748
6/1/1922,1.244321328
7/1/1922,1.982565394
8/1/1922,3.025217462
9/1/1922,2.250100948
10/1/1922,1.160392507
11/1/1922,4.198815228
12/1/1922,4.660036607
1/1/1923,4.162359691
2/1/1923,0.505446315
3/1/1923,2.444151085
4/1/1923,4.733553247
5/1/1923,0.107281246
6/1/1923,2.614877749
7/1/1923,3.241754705
8/1/1923,4.387696857
9/1/1923,3.214308901
10/1/1923,1.423616002
11/1/1923,2.89368984
12/1/1923,3.981245352
1/1/1924,3.465207948
2/1/1924,4.886655873
3/1/1924,2.780201945
4/1/1924,3.274507823
5/1/1924,3.034467665
6/1/1924,2.56149475
7/1/1924,3.110398597
8/1/1924,2.160768169
9/1/1924,4.280762878
10/1/1924,1.502166599
11/1/1924,2.435404393
12/1/1924,2.116081122
1/1/1925,1.917183898
2/1/1925,2.942281451
3/1/1925,1.17806193
4/1/1925,2.343432704
5/1/1925,1.758166646
6/1/1925,2.636096204
7/1/1925,0.778371797
8/1/1925,4.564630093
9/1/1925,3.00759686
10/1/1925,1.935640365
11/1/1925,2.167081301
12/1/1925,1.648718377
1/1/1926,1.143049471
2/1/1926,3.838436051
3/1/1926,2.648550848
4/1/1926,3.976974637
5/1/1926,2.772170807
6/1/1926,0.644111598
7/1/1926,4.298471834
8/1/1926,3.081487939
9/1/1926,2.402638512
10/1/1926,4.305641778
11/1/1926,0.695603963
12/1/1926,2.108085872
1/1/1927,0.667752342
2/1/1927,0.588106701
3/1/1927,0.248363678
4/1/1927,4.896410096
5/1/1927,2.788025706
6/1/1927,3.876265851
7/1/1927,2.176733735
8/1/1927,1.707472553
9/1/1927,2.539419735
10/1/1927,2.676830216
11/1/1927,4.395121242
12/1/1927,4.282021669
1/1/1928,2.194051153
2/1/1928,1.552753516
3/1/1928,2.29595356
4/1/1928,4.497756069
5/1/1928,1.026272006
6/1/1928,4.317910155
7/1/1928,2.155717492
8/1/1928,4.300389903
9/1/1928,3.949146617
10/1/1928,1.74493761
11/1/1928,3.75155411
12/1/1928,4.394459484
1/1/1929,0.12791076
2/1/1929,4.588979396
3/1/1929,1.915405692
4/1/1929,0.513053057
5/1/1929,4.052981836
6/1/1929,3.316898684
7/1/1929,3.545831805
8/1/1929,0.504034978
9/1/1929,1.882759532
10/1/1929,0.812565037
11/1/1929,2.123280675
12/1/1929,3.030807875
1/1/1930,0.086497033
2/1/1930,0.346274604
3/1/1930,3.131308547
4/1/1930,3.344953888
5/1/1930,3.50114553
6/1/1930,2.198804523
7/1/1930,3.698056486
8/1/1930,1.671111418
9/1/1930,4.883245536
10/1/1930,3.267842481
11/1/1930,3.841429316
12/1/1930,4.44695985
1/1/1931,2.184197054
2/1/1931,0.20060674
3/1/1931,2.564697695
4/1/1931,3.912614058
5/1/1931,2.481988503
6/1/1931,4.791126311
7/1/1931,3.192841495
8/1/1931,1.462755461
9/1/1931,3.557221111
10/1/1931,4.115084139
11/1/1931,2.241908266
12/1/1931,2.724387095
1/1/1932,0.094969268
2/1/1932,2.282173073
3/1/1932,2.127561685
4/1/1932,0.871012243
5/1/1932,4.561372772
6/1/1932,2.099261137
7/1/1932,4.758739487
8/1/1932,0.634074575
9/1/1932,3.734964886
10/1/1932,0.964473708
11/1/1932,1.778253384
12/1/1932,2.029410485
1/1/1933,3.116094264
2/1/1933,0.327347682
3/1/1933,1.054382622
4/1/1933,4.802811746
5/1/1933,3.802932539
6/1/1933,0.826406645
7/1/1933,4.119662046
8/1/1933,0.371777402
9/1/1933,1.81920888
10/1/1933,4.414358883
11/1/1933,4.078951043
12/1/1933,4.987441109
1/1/1934,4.962438017
2/1/1934,0.299732841
3/1/1934,1.14578511
4/1/1934,1.794392574
5/1/1934,0.834380723
6/1/1934,3.371201524
7/1/1934,1.853650461
8/1/1934,3.054486377
9/1/1934,1.180599859
10/1/1934,4.547490585
11/1/1934,1.719595217
12/1/1934,4.044462355
1/1/1935,3.705730754
2/1/1935,3.999107341
3/1/1935,1.330050563
4/1/1935,3.903248898
5/1/1935,3.709781207
6/1/1935,3.569323844
7/1/1935,0.164321868
8/1/1935,3.217981869
9/1/1935,2.503182511
10/1/1935,0.792193507
11/1/1935,0.078769516
12/1/1935,1.963295673
1/1/1936,4.584520784
2/1/1936,2.401265687
3/1/1936,1.121398266
4/1/1936,0.510359301
5/1/1936,4.94609012
6/1/1936,0.923713959
7/1/1936,4.931309022
8/1/1936,4.807134217
9/1/1936,3.787643942
10/1/1936,0.394249177
11/1/1936,1.776913062
12/1/1936,0.271328572
1/1/1937,0.564699744
2/1/1937,1.379100776
3/1/1937,0.770921632
4/1/1937,1.653832841
5/1/1937,3.632803362
6/1/1937,4.452828495
7/1/1937,4.393656151
8/1/1937,1.995222054
9/1/1937,4.083388544
10/1/1937,0.999429182
11/1/1937,2.747694745
12/1/1937,3.084474865
1/1/1938,4.674610481
2/1/1938,3.301707215
3/1/1938,1.573656268
4/1/1938,2.120938594
5/1/1938,2.57933135
6/1/1938,3.051700361
7/1/1938,3.988533478
8/1/1938,0.562340991
9/1/1938,0.227786758
10/1/1938,3.032713912
11/1/1938,0.308715901
12/1/1938,2.395772658
1/1/1939,1.865335418
2/1/1939,4.184852673
3/1/1939,1.805995122
4/1/1939,1.962331861
5/1/1939,3.636704561
6/1/1939,4.258442913
7/1/1939,0.350802199
8/1/1939,3.900439868
9/1/1939,3.308168296
10/1/1939,4.080686699
11/1/1939,1.254373895
12/1/1939,4.247244169
1/1/1940,3.857777389
2/1/1940,0.634025488
3/1/1940,0.544020965
4/1/1940,1.673731517
5/1/1940,0.168203371
6/1/1940,0.289406348
7/1/1940,2.595395694
8/1/1940,3.914884929
9/1/1940,1.354429375
10/1/1940,3.35653546
11/1/1940,1.713653177
12/1/1940,3.771593321
1/1/1941,3.845599542
2/1/1941,0.815548789
3/1/1941,0.561456471
4/1/1941,2.618082509
5/1/1941,3.710095401
6/1/1941,4.078710053
7/1/1941,2.376267937
8/1/1941,3.153570239
9/1/1941,4.51388867
10/1/1941,4.023720387
11/1/1941,3.728264517
12/1/1941,2.717166918
1/1/1942,0.115580148
2/1/1942,4.373661938
3/1/1942,4.112662769
4/1/1942,1.491621478
5/1/1942,1.152780269
6/1/1942,1.696926948
7/1/1942,4.032134961
8/1/1942,1.366177218
9/1/1942,0.000760671
10/1/1942,2.495364448
11/1/1942,2.124432018
12/1/1942,0.512743947
1/1/1943,2.217233287
2/1/1943,4.771309392
3/1/1943,3.861844154
4/1/1943,3.462649511
5/1/1943,4.450862651
6/1/1943,3.386533401
7/1/1943,0.129383865
8/1/1943,1.140801105
9/1/1943,0.17032053
10/1/1943,4.714919631
11/1/1943,4.016666283
12/1/1943,3.357396719
1/1/1944,3.679251593
2/1/1944,2.107081793
3/1/1944,4.458441207
4/1/1944,1.326006322
5/1/1944,1.700017485
6/1/1944,1.039534913
7/1/1944,0.087593285
8/1/1944,0.543244004
9/1/1944,1.410573539
10/1/1944,0.520792328
11/1/1944,0.126984832
12/1/1944,4.215129495
1/1/1945,3.790861605
2/1/1945,4.802458393
3/1/1945,1.462610254
4/1/1945,4.162566363
5/1/1945,1.844545027
6/1/1945,4.047229693
7/1/1945,1.62592798
8/1/1945,0.206776996
9/1/1945,4.515597631
10/1/1945,1.382914255
11/1/1945,1.555172021
12/1/1945,1.888585724
1/1/1946,1.38506719
2/1/1946,2.424095531
3/1/1946,2.100978072
4/1/1946,0.304156696
5/1/1946,4.378620165
6/1/1946,1.540038028
7/1/1946,2.018913523
8/1/1946,4.929338578
9/1/1946,3.980630943
10/1/1946,2.571448952
11/1/1946,0.041502238
12/1/1946,1.014002309
1/1/1947,0.472129115
2/1/1947,4.760372249
3/1/1947,4.17446797
4/1/1947,3.619653907
5/1/1947,4.954722561
6/1/1947,2.832324293
7/1/1947,3.802494012
8/1/1947,2.572479385
9/1/1947,3.90462668
10/1/1947,0.847623774
11/1/1947,3.049012218
12/1/1947,3.195798923
1/1/1948,2.885541058
2/1/1948,2.230555843
3/1/1948,4.901251763
4/1/1948,0.522934132
5/1/1948,2.924594835
6/1/1948,4.08322921
7/1/1948,4.055559532
8/1/1948,3.113027266
9/1/1948,0.37528958
10/1/1948,4.095583092
11/1/1948,0.670817668
12/1/1948,1.711765314
1/1/1949,4.907650307
2/1/1949,2.43279077
3/1/1949,2.413188621
4/1/1949,3.544030404
5/1/1949,2.370955811
6/1/1949,0.130425656
7/1/1949,1.605290165
8/1/1949,0.172651651
9/1/1949,0.71388412
10/1/1949,3.455298992
11/1/1949,4.777152797
12/1/1949,4.399359754
1/1/1950,2.251607728
2/1/1950,4.664508729
3/1/1950,1.080885747
4/1/1950,1.458614154
5/1/1950,3.265748771
6/1/1950,1.714471675
7/1/1950,0.416823281
8/1/1950,3.881108921
9/1/1950,0.509246032
10/1/1950,1.45575498
11/1/1950,1.098196938
12/1/1950,4.167030106
1/1/1951,3.207405738
2/1/1951,3.587926659
3/1/1951,1.274637562
4/1/1951,2.471452539
5/1/1951,3.056228302
6/1/1951,2.366980292
7/1/1951,3.765328451
8/1/1951,0.645456325
9/1/1951,1.697069522
10/1/1951,2.266018205
11/1/1951,1.112430599
12/1/1951,3.687996991
1/1/1952,2.904253155
2/1/1952,4.263924051
3/1/1952,2.652752968
4/1/1952,1.119202931
5/1/1952,1.148722346
6/1/1952,2.417499902
7/1/1952,1.503708262
8/1/1952,1.479927783
9/1/1952,1.605320462
10/1/1952,3.376470889
11/1/1952,4.673524785
12/1/1952,3.076713314
1/1/1953,1.749126514
2/1/1953,3.590984192
3/1/1953,1.613182067
4/1/1953,3.535336885
5/1/1953,1.68063232
6/1/1953,4.905617929
7/1/1953,0.540565008
8/1/1953,2.686131004
9/1/1953,0.259374068
10/1/1953,0.959761317
11/1/1953,2.512239898
12/1/1953,2.637279886
1/1/1954,0.214784008
2/1/1954,1.961805691
3/1/1954,1.641923984
4/1/1954,0.35651674
5/1/1954,1.03401652
6/1/1954,1.952356254
7/1/1954,1.082094938
8/1/1954,0.071306716
9/1/1954,2.516153354
10/1/1954,2.945087398
11/1/1954,2.642737581
12/1/1954,0.91530684
1/1/1955,0.019211812
2/1/1955,3.495523622
3/1/1955,3.565002288
4/1/1955,3.232817367
5/1/1955,0.751629923
6/1/1955,4.874841823
7/1/1955,0.372259001
8/1/1955,2.459834323
9/1/1955,0.535729781
10/1/1955,4.197839361
11/1/1955,2.32477805
12/1/1955,3.641791282
1/1/1956,4.442723854
2/1/1956,3.808657246
3/1/1956,3.045607161
4/1/1956,4.524041414
5/1/1956,3.65216069
6/1/1956,2.93675128
7/1/1956,1.737826993
8/1/1956,3.179710928
9/1/1956,4.15546651
10/1/1956,1.535896503
11/1/1956,0.468465805
12/1/1956,4.08627348
1/1/1957,2.967156013
2/1/1957,2.210402396
3/1/1957,3.543118946
4/1/1957,4.25429558
5/1/1957,1.458863248
6/1/1957,0.843075178
7/1/1957,4.181281914
8/1/1957,2.590899089
9/1/1957,0.661793549
10/1/1957,2.392248946
11/1/1957,2.631876905
12/1/1957,0.558248609
1/1/1958,0.834087108
2/1/1958,4.742413312
3/1/1958,1.387709935
4/1/1958,2.747182392
5/1/1958,0.466173171
6/1/1958,1.334125445
7/1/1958,2.461201391
8/1/1958,1.838120381
9/1/1958,1.869460655
10/1/1958,4.910857076
11/1/1958,3.820714038
12/1/1958,1.377916117
1/1/1959,3.024767336
2/1/1959,4.480970531
3/1/1959,4.644683306
4/1/1959,1.122689174
5/1/1959,1.645355627
6/1/1959,3.695071437
7/1/1959,1.141564963
8/1/1959,1.137712643
9/1/1959,1.656167517
10/1/1959,0.430766452
11/1/1959,0.498611692
12/1/1959,3.472411951
1/1/1960,0.607234719
2/1/1960,3.402217397
3/1/1960,1.798822986
4/1/1960,1.932173649
5/1/1960,2.898135129
6/1/1960,2.362986257
7/1/1960,0.946986201
8/1/1960,4.752165766
9/1/1960,2.97079635
10/1/1960,3.000263369
11/1/1960,0.89481827
12/1/1960,3.096707397
1/1/1961,4.058235823
2/1/1961,2.333738537
3/1/1961,1.139801139
4/1/1961,0.240495325
5/1/1961,3.411389042
6/1/1961,4.647640775
7/1/1961,2.75958405
8/1/1961,4.909449058
9/1/1961,0.991514999
10/1/1961,2.367099312
11/1/1961,1.050003316
12/1/1961,4.391898298
1/1/1962,2.58148318
2/1/1962,2.04381156
3/1/1962,0.299231031
4/1/1962,3.256069424
5/1/1962,3.158975271
6/1/1962,4.866911842
7/1/1962,1.363909275
8/1/1962,1.464061333
9/1/1962,2.863121835
10/1/1962,0.729710381
11/1/1962,4.031023484
12/1/1962,1.433423642
1/1/1963,0.373671605
2/1/1963,3.303915844
3/1/1963,2.750547399
4/1/1963,4.75693283
5/1/1963,1.582590949
6/1/1963,3.132079023
7/1/1963,0.181098319
8/1/1963,1.904060694
9/1/1963,3.053141196
10/1/1963,3.503608088
11/1/1963,1.898994886
12/1/1963,1.140221171
1/1/1964,0.99569259
2/1/1964,1.240234278
3/1/1964,1.835991522
4/1/1964,0.601614843
5/1/1964,1.203593228
6/1/1964,2.962707297
7/1/1964,1.366305552
8/1/1964,2.338387669
9/1/1964,1.434062173
10/1/1964,4.208901332
11/1/1964,0.118048967
12/1/1964,0.536851462
1/1/1965,2.809795707
2/1/1965,2.437487109
3/1/1965,2.23026176
4/1/1965,2.55781661
5/1/1965,3.649103529
6/1/1965,3.552629812
7/1/1965,4.604937725
8/1/1965,2.288044185
9/1/1965,3.725203143
10/1/1965,3.560281589
11/1/1965,3.74726212
12/1/1965,4.598825495
1/1/1966,0.518790759
2/1/1966,0.141995321
3/1/1966,4.364135435
4/1/1966,4.755809385
5/1/1966,4.288279748
6/1/1966,2.942610073
7/1/1966,0.495468268
8/1/1966,1.410364695
9/1/1966,3.854197643
10/1/1966,0.54602914
11/1/1966,0.542780471
12/1/1966,3.537227979
1/1/1967,0.49134693
2/1/1967,1.487894187
3/1/1967,4.463341977
4/1/1967,2.903726026
5/1/1967,3.623361385
6/1/1967,4.843872954
7/1/1967,1.707764642
8/1/1967,2.074356303
9/1/1967,4.021486515
10/1/1967,0.437707101
11/1/1967,3.443490876
12/1/1967,4.393948496
1/1/1968,2.568564809
2/1/1968,4.913760978
3/1/1968,0.827483951
4/1/1968,1.237037511
5/1/1968,0.106653814
6/1/1968,0.627795407
7/1/1968,4.776442038
8/1/1968,3.248549227
9/1/1968,0.800667152
10/1/1968,2.308569211
11/1/1968,3.422756855
12/1/1968,3.544646141
1/1/1969,2.885838192
2/1/1969,2.493053911
3/1/1969,3.678939059
4/1/1969,0.557135845
5/1/1969,2.374223982
6/1/1969,0.735461915
7/1/1969,4.617040553
8/1/1969,2.511065397
9/1/1969,0.458954159
10/1/1969,2.301119445
11/1/1969,3.147701183
12/1/1969,4.853683381
1/1/1970,1.195643766
2/1/1970,2.829863549
3/1/1970,0.322330586
4/1/1970,3.93664269
5/1/1970,1.857087517
6/1/1970,4.373371175
7/1/1970,2.216710317
8/1/1970,4.613881442
9/1/1970,3.837802329
10/1/1970,4.38165479
11/1/1970,0.835914959
12/1/1970,3.12132393
1/1/1971,4.996876
2/1/1971,3.686115814
3/1/1971,0.564176927
4/1/1971,3.894495108
5/1/1971,0.406408107
6/1/1971,0.543863062
7/1/1971,1.500389364
8/1/1971,1.195394484
9/1/1971,3.955747716
10/1/1971,0.083068677
11/1/1971,3.096926159
12/1/1971,0.803793564
1/1/1972,4.318942548
2/1/1972,1.007609265
3/1/1972,0.965936683
4/1/1972,3.543224431
5/1/1972,4.576876025
6/1/1972,1.99459789
7/1/1972,4.618136805
8/1/1972,1.369827964
9/1/1972,0.799930203
10/1/1972,1.625738451
11/1/1972,4.430663287
12/1/1972,3.847003199
1/1/1973,3.196733841
2/1/1973,1.526620912
3/1/1973,4.954890524
4/1/1973,1.963267307
5/1/1973,1.490677346
6/1/1973,2.77303757
7/1/1973,4.372495778
8/1/1973,1.903948114
9/1/1973,0.365236763
10/1/1973,4.349040927
11/1/1973,0.845567566
12/1/1973,2.100102016
1/1/1974,1.228639034
2/1/1974,4.038819451
3/1/1974,2.257079204
4/1/1974,3.532839093
5/1/1974,1.716088959
6/1/1974,3.604527654
7/1/1974,1.885455218
8/1/1974,2.169084149
9/1/1974,4.601513859
10/1/1974,1.443359265
11/1/1974,3.114270424
12/1/1974,0.533759239
1/1/1975,1.328209699
2/1/1975,3.405781476
3/1/1975,1.398539181
4/1/1975,4.243952081
5/1/1975,2.672790218
6/1/1975,2.248513765
7/1/1975,1.300531575
8/1/1975,0.958531161
9/1/1975,4.923875445
10/1/1975,0.755892135
11/1/1975,2.957241981
12/1/1975,4.425070507
1/1/1976,4.284970263
2/1/1976,2.329321003
3/1/1976,3.446118359
4/1/1976,0.337804074
5/1/1976,3.496221329
6/1/1976,3.401259829
7/1/1976,4.862180861
8/1/1976,4.184280673
9/1/1976,0.433426795
10/1/1976,0.394307595
11/1/1976,0.473310154
12/1/1976,0.925272981
1/1/1977,2.701935465
2/1/1977,2.736139212
3/1/1977,1.329533419
4/1/1977,3.87951413
5/1/1977,3.836810584
6/1/1977,2.954041536
7/1/1977,2.853778509
8/1/1977,4.876318434
9/1/1977,1.038286017
10/1/1977,0.124236577
11/1/1977,2.287491254
12/1/1977,4.635232503
1/1/1978,1.883550619
2/1/1978,0.678242683
3/1/1978,4.476054101
4/1/1978,1.080524323
5/1/1978,1.76226183
6/1/1978,4.271097957
7/1/1978,3.866831714
8/1/1978,4.37912269
9/1/1978,0.277620758
10/1/1978,2.060199499
11/1/1978,2.062320214
12/1/1978,4.633723048
1/1/1979,2.521070323
2/1/1979,3.387772268
3/1/1979,2.008258229
4/1/1979,0.147535193
5/1/1979,1.770584162
6/1/1979,1.879330622
7/1/1979,2.540930824
8/1/1979,4.818237533
9/1/1979,4.694079486
10/1/1979,1.758788151
11/1/1979,2.027718727
12/1/1979,3.724664334
1/1/1980,0.786007516
2/1/1980,4.876769794
3/1/1980,4.073973109
4/1/1980,4.771808548
5/1/1980,4.804285999
6/1/1980,0.319657441
7/1/1980,2.594982818
8/1/1980,0.003935596
9/1/1980,1.609246193
10/1/1980,3.466725887
11/1/1980,1.979473593
12/1/1980,3.189317579
1/1/1981,0.566708539
2/1/1981,4.983157652
3/1/1981,3.413104698
4/1/1981,0.475097533
5/1/1981,4.002556797
6/1/1981,3.495665162
7/1/1981,1.036153203
8/1/1981,4.766280152
9/1/1981,1.852603668
10/1/1981,2.154199305
11/1/1981,2.942368862
12/1/1981,3.054250682
1/1/1982,4.452451224
2/1/1982,0.517248367
3/1/1982,2.198790949
4/1/1982,0.319050755
5/1/1982,0.647168777
6/1/1982,1.765306732
7/1/1982,3.403003447
8/1/1982,4.220741575
9/1/1982,2.315864928
10/1/1982,2.996719811
11/1/1982,4.970528627
12/1/1982,0.173389527
1/1/1983,0.878718644
2/1/1983,1.208770901
3/1/1983,2.527832063
4/1/1983,4.3274807
5/1/1983,4.384091557
6/1/1983,4.348120625
7/1/1983,2.118031939
8/1/1983,0.036931669
9/1/1983,1.370974256
10/1/1983,3.356351748
11/1/1983,1.01645897
12/1/1983,3.293698606
1/1/1984,1.232144105
2/1/1984,2.890166877
3/1/1984,4.27404127
4/1/1984,2.61776442
5/1/1984,3.284782347
6/1/1984,2.277197815
7/1/1984,2.264360138
8/1/1984,1.045647565
9/1/1984,2.931764674
10/1/1984,0.521199839
11/1/1984,0.997563054
12/1/1984,4.225613907
1/1/1985,2.308993245
2/1/1985,0.838290171
3/1/1985,1.510039198
4/1/1985,2.785722245
5/1/1985,2.4383727
6/1/1985,1.923167584
7/1/1985,4.982231476
8/1/1985,0.253400958
9/1/1985,3.610670941
10/1/1985,0.767566616
11/1/1985,1.245263462
12/1/1985,0.20714813
1/1/1986,2.367573189
2/1/1986,1.824852227
3/1/1986,2.189379934
4/1/1986,2.516000047
5/1/1986,2.007258222
6/1/1986,1.52336596
7/1/1986,0.775979389
8/1/1986,2.585404343
9/1/1986,2.803550683
10/1/1986,0.233443501
11/1/1986,0.764988755
12/1/1986,1.559369541
1/1/1987,2.321610299
2/1/1987,2.412651762
3/1/1987,2.447686439
4/1/1987,0.163374806
5/1/1987,1.479190498
6/1/1987,2.679756788
7/1/1987,1.866388882
8/1/1987,1.526890812
9/1/1987,4.002858432
10/1/1987,0.115457821
11/1/1987,1.368586187
12/1/1987,3.856294511
1/1/1988,3.74258663
2/1/1988,4.045541281
3/1/1988,4.587493791
4/1/1988,3.78979761
5/1/1988,2.589064443
6/1/1988,0.154612148
7/1/1988,2.505179264
8/1/1988,0.010599155
9/1/1988,1.310435731
10/1/1988,3.084642774
11/1/1988,1.205326016
12/1/1988,1.423282499
1/1/1989,2.685564988
2/1/1989,2.474079242
3/1/1989,4.077644739
4/1/1989,4.260055947
5/1/1989,2.377674342
6/1/1989,4.592825785
7/1/1989,3.311577019
8/1/1989,3.018880116
9/1/1989,4.63511595
10/1/1989,0.73878255
11/1/1989,1.497056469
12/1/1989,0.128798142
1/1/1990,2.003584301
2/1/1990,0.575012302
3/1/1990,2.338324891
4/1/1990,4.049702914
5/1/1990,2.762915038
6/1/1990,1.437586209
7/1/1990,4.961813358
8/1/1990,0.864952063
9/1/1990,3.4086117
10/1/1990,3.46679363
11/1/1990,4.537843232
12/1/1990,1.498878367
1/1/1991,2.34010934
2/1/1991,0.790776546
3/1/1991,2.418197489
4/1/1991,1.803963012
5/1/1991,4.454462201
6/1/1991,3.207479113
7/1/1991,4.908265719
8/1/1991,4.654728404
9/1/1991,1.437420047
10/1/1991,3.719185799
11/1/1991,2.379631617
12/1/1991,3.346977618
1/1/1992,4.02301306
2/1/1992,2.37768295
3/1/1992,3.870010294
4/1/1992,2.985095122
5/1/1992,0.75092765
6/1/1992,2.0765452
7/1/1992,2.169630217
8/1/1992,2.519667676
9/1/1992,0.393197491
10/1/1992,3.956070292
11/1/1992,0.464338304
12/1/1992,1.992625692
1/1/1993,4.290308526
2/1/1993,0.578202274
3/1/1993,3.815348973
4/1/1993,2.517530045
5/1/1993,1.803558151
6/1/1993,2.080533634
7/1/1993,0.897175242
8/1/1993,2.498225602
9/1/1993,3.275387027
10/1/1993,1.648697928
11/1/1993,2.206957148
12/1/1993,1.796774599
1/1/1994,0.363002937
2/1/1994,3.54712411
3/1/1994,2.306338207
4/1/1994,2.334682944
5/1/1994,2.816125028
6/1/1994,4.155841229
7/1/1994,0.009664856
8/1/1994,0.648321862
9/1/1994,3.02649829
10/1/1994,2.552146714
11/1/1994,3.852335357
12/1/1994,0.281568284
1/1/1995,3.82172821
2/1/1995,2.892678231
3/1/1995,0.955514109
4/1/1995,2.062418212
5/1/1995,1.047644449
6/1/1995,2.922741563
7/1/1995,0.68547077
8/1/1995,0.157368808
9/1/1995,3.957830412
10/1/1995,2.177528423
11/1/1995,0.937795561
12/1/1995,4.884605708
1/1/1996,2.987484495
2/1/1996,2.965634499
3/1/1996,2.957565136
4/1/1996,3.937312609
5/1/1996,2.992504507
6/1/1996,4.989786516
7/1/1996,0.743037059
8/1/1996,0.551769281
9/1/1996,3.779023158
10/1/1996,4.156732853
11/1/1996,0.670893155
12/1/1996,3.389766969
1/1/1997,3.400260763
2/1/1997,0.58048119
3/1/1997,1.104055566
4/1/1997,2.679495427
5/1/1997,1.650759655
6/1/1997,1.994298597
7/1/1997,0.030227346
8/1/1997,0.420191193
9/1/1997,4.111211612
10/1/1997,3.421151974
11/1/1997,3.072730589
12/1/1997,4.934174344
1/1/1998,1.934347791
2/1/1998,4.30247002
3/1/1998,0.85773747
4/1/1998,0.471676211
5/1/1998,4.776562768
6/1/1998,0.167797843
7/1/1998,4.608810358
8/1/1998,1.014593619
9/1/1998,2.169629408
10/1/1998,3.733476256
11/1/1998,2.14706148
12/1/1998,1.112082352
1/1/1999,1.782149362
2/1/1999,1.362341811
3/1/1999,4.908153377
4/1/1999,3.017520335
5/1/1999,2.719761684
6/1/1999,1.776906987
7/1/1999,3.892577119
8/1/1999,4.090030285
9/1/1999,2.609071667
10/1/1999,0.963922755
11/1/1999,0.721630257
12/1/1999,4.496740477
1/1/2000,2.359953128
2/1/2000,4.988994359
3/1/2000,3.888892609
4/1/2000,1.572047363
5/1/2000,4.561431055
6/1/2000,1.553039245
7/1/2000,2.489363039
8/1/2000,2.052519414
9/1/2000,2.821107842
10/1/2000,1.285822008
11/1/2000,2.740400128
12/1/2000,3.156090159
1/1/2001,0.047111501
2/1/2001,0.307545476
3/1/2001,2.270881855
4/1/2001,0.660846253
5/1/2001,4.292686229
6/1/2001,3.639311919
7/1/2001,4.962262353
8/1/2001,0.188047121
9/1/2001,0.469488222
10/1/2001,3.884788171
11/1/2001,3.66559888
12/1/2001,2.020826475
1/1/2002,4.795165274
2/1/2002,2.644054755
3/1/2002,1.982838187
4/1/2002,1.331357598
5/1/2002,0.882883217
6/1/2002,4.778459099
7/1/2002,0.683189383
8/1/2002,4.629099839
9/1/2002,3.001284175
10/1/2002,2.32680892
11/1/2002,0.866845257
12/1/2002,1.215398878
1/1/2003,2.852945923
2/1/2003,3.920506787
3/1/2003,2.905061644
4/1/2003,1.397318115
5/1/2003,0.668697829
6/1/2003,3.230603777
7/1/2003,2.071204719
8/1/2003,1.183625026
9/1/2003,4.42554005
10/1/2003,4.403970839
11/1/2003,3.76011927
12/1/2003,2.515178883
1/1/2004,4.168274506
2/1/2004,1.743311687
3/1/2004,2.756261594
4/1/2004,0.154093355
5/1/2004,4.730154723
6/1/2004,3.61948047
7/1/2004,2.415904192
8/1/2004,2.36253885
9/1/2004,4.342595324
10/1/2004,3.639381088
11/1/2004,1.495282927
12/1/2004,0.930197932
1/1/2005,3.829688271
2/1/2005,3.787810749
3/1/2005,3.799752917
4/1/2005,2.807769065
5/1/2005,2.431101823
6/1/2005,0.63940917
7/1/2005,3.26412022
8/1/2005,1.013038873
9/1/2005,4.856016091
10/1/2005,2.06341252
11/1/2005,0.939167713
12/1/2005,3.126300566
1/1/2006,1.448903211
2/1/2006,1.482779742
3/1/2006,2.260446504
4/1/2006,1.639242978
5/1/2006,0.624298494
6/1/2006,3.440735492
7/1/2006,0.282941025
8/1/2006,3.382603088
9/1/2006,0.467362803
10/1/2006,3.618500998
11/1/2006,3.867294545
12/1/2006,0.657133554
1/1/2007,1.098278441
2/1/2007,1.510090866
3/1/2007,3.607159305
4/1/2007,3.237112804
5/1/2007,2.560706412
6/1/2007,2.433476149
7/1/2007,2.650716194
8/1/2007,4.391316216
9/1/2007,1.997107502
10/1/2007,1.401480183
11/1/2007,2.673247583
12/1/2007,2.082670331
1/1/2008,3.606302473
2/1/2008,2.782610452
3/1/2008,3.233776948
4/1/2008,1.973672135
5/1/2008,4.514189247
6/1/2008,2.583938195
7/1/2008,1.804498698
8/1/2008,1.722365976
9/1/2008,2.732365861
10/1/2008,3.39621724
11/1/2008,4.791335034
12/1/2008,3.498166063
1/1/2009,1.15567302
2/1/2009,2.993947911
3/1/2009,3.363051227
4/1/2009,3.528476683
5/1/2009,4.170470788
6/1/2009,1.872906367
7/1/2009,3.75571338
8/1/2009,3.367586828
9/1/2009,1.823394525
10/1/2009,0.484641556
11/1/2009,1.702335846
12/1/2009,3.816989652
1/1/2010,2.219148014
2/1/2010,2.753949179
3/1/2010,3.267231635
4/1/2010,1.036643397
5/1/2010,4.416099728
6/1/2010,2.725747161
7/1/2010,4.481516785
8/1/2010,0.806956651
9/1/2010,1.876136195
10/1/2010,1.183428433
11/1/2010,2.297435622
12/1/2010,3.25466653
1/1/2011,1.643961766
2/1/2011,4.858878735
3/1/2011,3.598000453
4/1/2011,1.857568491
5/1/2011,0.408314962
6/1/2011,3.248265305
7/1/2011,1.446015228
8/1/2011,2.686314102
9/1/2011,1.604108601
10/1/2011,0.020200399
11/1/2011,4.638203084
12/1/2011,3.911976443
1/1/2012,3.803259362
2/1/2012,4.121411693
3/1/2012,2.765036284
4/1/2012,3.100299322
5/1/2012,0.169051351
6/1/2012,2.198368376
7/1/2012,0.823580926
8/1/2012,4.402590638
9/1/2012,2.72525624
10/1/2012,1.719304353
11/1/2012,4.087763683
12/1/2012,2.946130101
1/1/2013,2.824623276
2/1/2013,4.236301354
3/1/2013,4.395432162
4/1/2013,2.92826087
5/1/2013,3.597536437
6/1/2013,0.107433582
7/1/2013,4.615972739
8/1/2013,4.927213222
9/1/2013,0.595264348
10/1/2013,1.333046888
11/1/2013,0.239134072
12/1/2013,1.830235342
1/1/2014,3.321740317
2/1/2014,2.89120497
3/1/2014,4.157774022
4/1/2014,4.758412236
5/1/2014,1.751039104
6/1/2014,4.352900667
7/1/2014,3.039256678
8/1/2014,1.56027416
9/1/2014,3.462688127
10/1/2014,4.999256599
11/1/2014,1.660874163
12/1/2014,3.389630597
1/1/2015,0.203691966
2/1/2015,4.821336472
3/1/2015,2.40699897
4/1/2015,1.254994709
5/1/2015,3.146196369
6/1/2015,3.288309708
7/1/2015,0.316281141
8/1/2015,4.324983609
9/1/2015,0.047739257
10/1/2015,3.541906117
11/1/2015,0.760082032
12/1/2015,1.305334087
1/1/2016,1.396087493
2/1/2016,1.28413395
3/1/2016,0.219445478
4/1/2016,0.902211793
5/1/2016,1.904301995
6/1/2016,1.42894854
7/1/2016,4.146233639
8/1/2016,2.625853166
9/1/2016,2.267827321
10/1/2016,0.231952298
11/1/2016,2.524862212
12/1/2016,1.134316233
